Name,BSE Code,NSE Code,ISIN Code,Industry Group,Industry,Current Price,RSI,Market Capitalization,Sales,Operating profit,OPM,OPM last year,Price to Earning,Price to book value,PEG Ratio,Return on assets,Debt to equity,Return on equity,Working capital,Other income,Trade receivables,Trade Payables,Inventory,Earnings yield,Change in DII holding,Change in FII holding,Debt to EBIT,Dividend yield,Down from 52w high
Aadhar Hsg. Fin.,544176,AADHARHFC,INE883F01010,Finance,Housing Finance Company,511.6,48.43,22374.19,3683.44,2815.42,76.43,76.43,20.15,3.0,0.8,4.38,2.49,15.94,675.52,-13.1,27.02,123.65,0.0,6.99,0.77,-0.33,6.73,0.0,9.13
AAVAS Financiers,541988,AAVAS,INE216P01012,Finance,Housing Finance Company,1524.0,56.04,12083.46,2683.46,1977.01,73.67,73.67,18.43,2.39,1.22,3.29,3.11,13.92,2050.61,1.38,14.89,10.59,0.0,7.53,0.01,-0.46,8.11,0.0,21.81
ACC,500410,ACC,INE012A01025,Cement & Cement Products,Cement & Cement Products,1389.9,54.26,26100.55,25961.85,2957.97,11.39,11.39,12.26,1.26,0.39,8.02,0.02,10.86,5611.37,428.97,3841.63,2453.81,1789.12,8.71,-0.5,-0.1,0.19,0.54,30.33
Action Const.Eq.,532762,ACE,INE731H01025,"Agricultural, Commercial & Construction Vehicles",Construction Vehicles,1039.8,54.42,12382.32,3414.04,529.01,15.5,15.36,28.29,6.13,0.74,13.93,0.0,22.9,406.24,113.53,284.3,916.5,605.4,5.16,0.75,-1.76,0.01,0.2,11.13
Angel One,543235,ANGELONE,INE732I01021,Capital Markets,Stockbroking & Allied,322.0,42.8,29415.25,5425.77,2028.11,37.38,35.42,28.46,4.8,23.33,4.49,1.3,15.59,8225.39,17.09,434.45,9170.28,0.0,9.11,1.46,0.95,4.15,1.24,10.67
Apollo Tyres,500877,APOLLOTYRE,INE438A01022,Auto Components,Tyres & Rubber Products,428.5,50.39,27214.04,28470.6,4170.34,14.65,14.65,13.24,1.63,0.5,7.32,0.22,13.07,2614.57,-899.51,3190.84,3224.29,5452.28,9.18,1.48,-2.07,1.34,1.4,20.72
Aptus Value Hou.,543335,APTUS,INE852O01025,Finance,Housing Finance Company,299.15,72.7,14981.18,2192.24,1821.12,83.07,83.07,15.86,2.95,0.68,7.76,1.56,20.11,754.67,53.24,0.0,19.79,0.0,8.23,0.47,-0.38,4.25,1.46,18.01
Arvind Ltd,500101,ARVIND,INE034A01011,Textiles & Apparels,Garments & Apparels,531.25,51.34,13926.19,9303.19,1004.42,10.8,10.8,32.71,3.46,5.33,5.21,0.41,10.88,548.16,45.8,1443.79,1972.82,2173.53,5.04,-0.16,0.34,2.14,0.71,11.46
Ashok Leyland,500477,ASHOKLEY,INE208A01029,"Agricultural, Commercial & Construction Vehicles",Commercial Vehicles,153.9,46.47,90398.64,56362.08,10745.0,19.06,19.06,24.35,6.29,0.53,4.37,4.49,28.11,10624.64,252.0,3087.44,9291.24,4671.8,7.11,2.7,-3.89,6.24,2.29,28.56
Atul,500027,ATUL,INE100A01010,Chemicals & Petrochemicals,Specialty Chemicals,6180.4,34.15,18196.19,6273.54,1033.74,16.48,16.48,26.79,2.91,3.1,9.3,0.03,11.49,1285.57,206.32,1271.0,852.24,815.47,5.1,0.04,-0.06,0.2,0.48,14.14
AU Small Finance,540611,AUBANK,INE949L01017,Banks,Other Bank,1001.0,39.51,74972.06,18636.34,10019.77,53.76,53.76,28.39,3.75,1.25,1.51,8.44,14.32,6000.56,2977.94,0.0,0.0,0.0,5.56,0.03,0.82,12.81,0.1,8.2
Avanti Feeds,512573,AVANTIFEED,INE871C01038,Food Products,Animal Feed,1001.4,55.22,13643.63,6065.86,748.04,12.33,12.33,22.3,4.13,0.7,16.75,0.0,20.17,2325.06,198.68,143.89,243.18,940.27,6.56,0.53,-0.44,0.01,0.88,37.17
Axis Bank,532215,AXISBANK,INE238A01034,Banks,Private Sector Bank,1258.0,34.67,391359.61,135731.89,81034.17,59.7,59.29,14.17,1.76,0.41,1.47,7.47,13.12,118869.75,29291.88,0.0,0.0,0.0,5.55,-0.66,-2.13,15.01,0.08,11.3
Bajaj Finserv,532978,BAJAJFINSV,INE918I01026,Finance,Holding Company,1900.4,56.0,304168.56,150530.32,57097.72,37.93,37.93,30.58,3.89,1.95,2.83,5.52,13.23,-132648.93,-382.27,9332.08,9052.12,0.0,7.86,0.35,-0.33,7.7,0.08,13.42
Bajaj Housing,544252,BAJAJHFL,INE377Y01014,Finance,Housing Finance Company,86.16,45.92,71791.37,11149.86,10142.42,90.96,90.96,27.91,3.17,1.04,2.24,4.6,12.11,-231.05,-13.62,27.8,126.1,0.0,5.76,-0.18,-0.09,10.27,0.0,30.04
Bank of Baroda,532134,BANKBARODA,INE028A01039,Banks,Public Sector Bank,247.75,46.28,128120.5,134298.12,86240.6,64.22,64.22,6.43,0.79,0.64,1.01,11.13,12.7,120458.62,22527.32,0.0,4097.35,0.0,5.57,-0.59,0.45,17.29,3.4,23.9
Bank of India,532149,BANKINDIA,INE084A01016,Banks,Public Sector Bank,147.15,55.42,66992.48,75613.28,54905.67,72.61,72.61,6.33,0.74,0.15,0.95,11.67,12.41,83562.95,9737.47,0.0,1654.25,0.0,6.0,0.0,-0.39,16.35,3.16,17.54
Bank of Maha,532525,MAHABANK,INE457A01014,Banks,Public Sector Bank,81.74,41.93,62870.76,30262.41,20806.29,68.75,69.25,8.43,1.76,0.22,1.76,10.74,22.65,13442.37,3745.66,0.0,0.0,0.0,5.71,0.35,0.27,15.61,2.67,13.5
Brigade Enterpr.,532929,BRIGADE,INE791I01019,Realty,"Residential, Commercial Projects",570.0,58.42,18591.3,5697.22,1427.33,25.05,25.05,28.55,2.75,0.82,3.03,0.93,10.44,3133.57,198.36,600.69,881.7,11400.89,6.02,0.72,-1.12,4.78,0.35,32.98
Can Fin Homes,511196,CANFINHOME,INE477A01020,Finance,Housing Finance Company,832.0,42.23,11078.46,4292.09,3952.79,92.09,92.07,9.7,1.87,0.47,2.56,6.4,19.66,214.94,2.09,2.43,7.67,0.0,7.98,-0.08,-0.14,9.71,1.79,14.36
Canara Bank,532483,CANBK,INE476A01022,Banks,Public Sector Bank,127.55,51.24,115696.18,126371.2,88031.49,69.66,69.66,6.43,1.0,0.36,1.09,14.64,16.08,200385.22,26712.02,0.0,3219.98,0.0,6.36,1.0,-1.56,15.13,3.29,21.7
Capri Global,531595,CGCL,INE180C01042,Finance,Non Banking Financial Company (NBFC),248.9,67.0,23948.05,4731.14,3085.9,65.23,65.23,25.24,3.36,0.38,3.55,3.35,16.5,1359.73,10.87,32.67,127.11,0.0,6.49,-1.67,2.59,8.07,0.08,5.93
Castrol India,500870,CASTROLIND,INE172A01027,Petroleum Products,Lubricants,185.25,50.78,18323.5,5844.74,1369.47,23.43,23.55,18.81,9.66,3.27,27.26,0.03,45.86,936.45,36.0,473.21,786.05,546.34,7.72,-0.57,-0.31,0.05,4.73,19.81
CEAT,500878,CEATLTD,INE482A01020,Auto Components,Tyres & Rubber Products,3410.0,40.43,13793.44,16466.7,2024.73,12.3,13.06,21.65,2.77,0.41,5.95,0.65,15.9,-2051.78,-33.05,1838.9,3447.82,1783.37,7.85,1.3,-2.73,2.45,0.88,23.16
Central Bank,532885,CENTRALBK,INE483A01010,Banks,Public Sector Bank,32.03,47.79,28991.59,37270.22,23386.02,62.75,62.46,6.31,0.72,0.16,0.88,12.41,11.9,41227.22,5584.35,0.0,0.0,0.0,5.58,6.13,0.18,17.54,3.8,21.73
CESC,500084,CESC,INE486A01021,Power,Integrated Power Utilities,165.06,46.11,21879.89,18570.0,3447.0,18.56,18.56,14.2,1.77,2.47,3.7,1.73,12.57,-839.0,1260.0,2416.0,1848.0,698.0,9.14,-0.1,-0.14,6.23,3.62,19.29
Chambal Fert.,500085,CHAMBLFERT,INE085A01013,Fertilizers & Agrochemicals,Fertilizers,439.25,36.58,17598.58,20793.66,2678.49,12.88,12.88,8.96,1.71,0.36,15.14,0.1,20.42,3406.84,255.66,2075.2,936.46,2279.82,14.15,-0.06,-0.18,0.41,2.23,24.36
Chola Financial,504973,CHOLAHLDNG,INE149A01033,Finance,Investment Company,1551.55,39.75,29134.61,39072.72,21543.5,55.14,55.14,11.95,1.88,0.5,2.23,13.61,17.46,3697.85,510.31,327.05,339.4,0.0,9.67,0.8,-0.81,9.69,0.08,27.33
Cholaman.Inv.&Fn,511243,CHOLAFIN,INE121A01024,Finance,Non Banking Financial Company (NBFC),1763.1,55.83,150319.52,31119.56,21229.1,68.22,68.22,28.76,4.96,1.14,2.34,6.93,19.35,14067.6,411.96,327.05,212.05,0.0,6.13,0.71,-0.42,9.88,0.11,5.97
CIE Automotive,532756,CIEINDIA,INE536H01010,Auto Components,Auto Components & Equipments,472.7,56.24,17932.44,9745.79,1428.94,14.66,14.48,20.75,2.39,0.16,8.08,0.06,11.8,-147.31,102.47,609.04,1863.25,1129.57,6.39,-0.67,0.22,0.37,1.47,10.13
City Union Bank,532210,CUB,INE491A01021,Banks,Private Sector Bank,228.8,62.65,22669.21,6869.76,4672.32,68.01,68.01,17.15,2.21,1.4,1.52,7.92,13.24,8868.99,1038.83,0.0,0.0,0.0,5.73,4.11,-4.72,14.64,0.87,5.87
Coal India,533278,COALINDIA,INE522F01014,Consumable Fuels,Coal,431.15,38.37,265706.01,168400.29,41241.99,24.49,24.49,8.56,2.23,-12.41,11.41,0.12,28.5,57876.5,12034.03,14120.59,12554.39,15654.3,19.08,-0.56,1.99,0.33,6.12,12.23
DCM Shriram,523367,DCMSHRIRAM,INE499A01024,Diversified,Diversified,1038.1,46.87,16188.37,13538.15,1497.34,11.06,11.06,18.57,2.08,-37.14,6.51,0.38,11.85,1838.88,172.94,1081.1,1218.25,3108.12,6.56,-0.09,-0.08,2.45,1.06,30.9
Dr Reddy's Labs,500124,DRREDDY,INE089A01031,Pharmaceuticals & Biotechnology,Pharmaceuticals,1206.55,35.59,100707.77,33700.2,6453.5,19.15,19.15,25.19,2.65,-5.62,7.59,0.2,11.22,9608.6,1371.8,10123.4,3037.9,7653.4,5.18,0.28,-1.2,1.4,0.65,14.73
eClerx Services,532927,ECLERX,INE738I01010,Commercial Services & Supplies,Business Process Outsourcing (BPO)/ Knowledge Process Outsourcing (KPO),1925.85,71.1,18112.8,4117.03,1051.45,25.54,25.54,25.63,7.13,1.87,20.67,0.15,29.02,1699.54,101.18,666.45,100.01,0.62,5.65,-0.11,-0.81,0.39,0.03,22.89
Edelweiss.Fin.,532922,EDELWEISS,INE532F01054,Finance,Holding Company,120.65,53.59,11419.86,10416.95,3090.37,29.67,29.67,18.68,2.46,0.88,1.79,4.02,13.52,-9563.59,372.2,478.33,1384.59,0.0,12.81,0.79,0.43,5.44,1.21,9.9
EIH,500840,EIHOTEL,INE230A01023,Leisure Services,Hotels & Resorts,335.25,63.04,20965.34,2939.63,1023.77,34.83,34.83,29.31,3.98,1.16,12.09,0.05,14.48,798.06,90.57,256.67,310.69,63.79,5.35,-0.25,0.46,0.23,0.45,22.9
Emmvee Photovol.,544608,EMMVEE,INE1C6T01020,Electrical Equipment,Other Electrical Equipment,327.25,50.67,22657.07,5577.58,1931.98,34.64,34.34,17.75,6.19,0.04,22.33,0.1,51.12,1575.0,55.59,695.02,882.13,1710.55,7.22,-2.48,0.47,0.21,0.0,11.92
Engineers India,532178,ENGINERSIN,INE510A01028,Construction,Civil Construction,228.6,43.3,12848.3,3928.18,695.88,17.72,17.72,18.63,4.05,0.71,12.42,0.01,23.79,801.37,242.45,479.28,586.56,0.52,7.75,2.03,-0.49,0.02,1.73,14.38
Firstsour.Solu.,532809,FSL,INE684F01012,Commercial Services & Supplies,Business Process Outsourcing (BPO)/ Knowledge Process Outsourcing (KPO),266.0,62.68,18806.96,9556.39,1604.7,16.79,16.79,25.12,4.31,1.85,8.85,0.67,17.63,-766.38,-90.79,2078.59,557.94,0.0,5.46,-0.08,-0.47,2.49,2.04,30.28
Five-Star Bus.Fi,543663,FIVESTAR,INE128S01021,Finance,Non Banking Financial Company (NBFC),565.45,71.51,16691.36,3218.12,2209.2,68.65,68.65,15.2,2.32,0.69,7.27,1.11,16.06,2111.31,27.85,0.0,31.81,0.0,9.61,4.77,-4.51,3.73,0.35,23.44
Force Motors,500033,FORCEMOT,INE451A01017,Automobiles,Passenger Cars & Utility Vehicles,17740.0,44.97,23374.75,9057.05,1483.15,16.38,16.38,22.05,5.56,0.1,18.11,0.0,29.23,1787.4,321.81,191.15,1040.32,1258.01,5.74,-0.29,-1.42,0.0,0.22,33.02
GE Shipping Co,500620,GESHIP,INE017A01032,Transport Services,Shipping,1409.6,44.5,20124.47,5409.09,3147.88,58.2,58.2,8.11,1.18,22.53,13.4,0.06,15.93,5994.04,903.33,639.18,360.21,285.91,17.7,-2.44,2.59,0.4,2.51,21.6
Glenmark Pharma.,532296,GLENMARK,INE935A01035,Pharmaceuticals & Biotechnology,Pharmaceuticals,2239.6,49.87,63201.67,16982.51,4572.42,26.92,26.92,21.44,5.98,0.28,16.44,0.06,30.49,4923.28,-1805.46,4963.35,3743.87,3430.78,7.12,-0.68,0.54,0.13,0.11,9.47
Godawari Power,532734,GPIL,INE177H01039,Industrial Products,Iron & Steel Products,245.75,32.92,16541.34,5380.65,1253.07,23.29,23.29,20.44,2.86,51.1,12.12,0.08,15.2,1772.11,82.04,131.54,442.94,926.36,7.47,0.47,0.06,0.38,0.41,23.2
Godfrey Phillips,500163,GODFRYPHLP,INE260B01028,Cigarettes & Tobacco Products,Cigarettes & Tobacco Products,2127.0,45.44,33177.28,6391.11,1584.64,24.79,24.79,21.76,5.39,0.58,19.97,0.04,26.62,2605.29,488.61,907.43,532.31,2264.35,5.83,0.38,-0.11,0.12,1.44,46.11
Gujarat Energy,539336,GUJENERGY,INE844O01030,Gas,LPG/CNG/PNG/LNG Supplier,267.0,29.27,25050.73,23614.44,3052.02,12.92,12.92,14.09,1.02,2.73,8.86,0.18,13.22,4712.69,538.93,1752.37,1654.39,1121.58,10.37,9.58,6.75,1.14,2.21,36.53
H U D C O,540530,HUDCO,INE031A01017,Finance,Financial Institution,199.65,42.28,39967.91,13150.4,11987.93,91.16,91.16,9.91,1.84,0.3,2.73,6.45,20.2,226.29,176.73,0.77,10.62,0.0,6.68,-0.94,0.18,11.66,2.27,19.14
HBL Engineering,517271,HBLENGINE,INE292B01021,Industrial Products,Other Industrial Products,729.3,34.96,20215.85,3302.83,1112.99,33.7,33.7,24.09,9.08,0.23,34.03,0.03,45.33,1458.34,27.74,646.11,184.9,562.08,5.67,-0.03,0.07,0.06,0.27,35.0
HCL Technologies,532281,HCLTECH,INE860A01027,IT - Software,Computers - Software & Consulting,1237.1,60.71,335707.48,134374.0,27539.0,20.49,20.56,18.53,4.46,3.18,15.74,0.07,23.98,38716.0,527.0,23585.0,7706.0,239.0,7.89,-0.2,-0.61,0.21,4.38,30.5
HDB FINANC SER,544429,HDBFS,INE756I01012,Finance,Non Banking Financial Company (NBFC),721.5,51.18,59911.65,18902.2,10755.3,56.9,56.7,21.68,2.96,2.38,2.19,4.8,13.94,-259.68,0.0,295.95,179.88,0.0,6.67,-0.19,0.54,9.41,0.54,11.12
HDFC Bank,500180,HDFCBANK,INE040A01034,Banks,Private Sector Bank,761.45,42.6,1172734.1,351818.61,150193.54,42.69,41.59,14.83,1.97,0.82,1.69,6.21,13.64,232457.78,143699.59,0.0,0.0,0.0,6.15,1.61,-2.23,12.7,1.7,25.38
Hero Motocorp,500182,HEROMOTOCO,INE158A01026,Automobiles,2/3 Wheelers,5030.0,54.98,100646.68,47411.24,7058.86,14.89,14.89,17.45,4.69,0.62,18.69,0.04,28.1,-3204.63,1309.98,2339.85,7676.27,2650.09,7.55,-1.59,1.72,0.1,3.7,21.28
Hexaware Tech.,544362,HEXT,INE093A01041,IT - Software,Computers - Software & Consulting,560.05,57.8,34219.87,13835.5,1954.4,14.13,14.27,23.36,5.39,1.29,14.57,0.11,24.86,1392.8,294.5,2055.6,1006.9,0.0,6.07,1.02,-1.01,0.34,2.02,35.56
Hindalco Inds.,500440,HINDALCO,INE038A01020,Non - Ferrous Metals,Aluminium,951.35,38.26,213789.97,274944.0,34880.0,12.69,12.69,12.78,1.56,0.68,5.54,0.73,12.97,16637.0,-4074.0,27222.0,61624.0,75517.0,9.45,-1.53,1.45,3.53,0.52,19.33
Hindustan Zinc,500188,HINDZINC,INE267A01025,Non - Ferrous Metals,Zinc,534.1,38.08,225674.27,40658.0,21929.0,53.94,53.94,16.44,10.09,1.8,35.67,0.39,76.38,-8002.0,1102.0,399.0,3180.0,2051.0,8.38,0.12,-0.19,0.45,2.05,27.14
Home First Finan,543259,HOMEFIRST,INE481N01025,Finance,Housing Finance Company,1280.1,64.55,13380.26,1921.01,1520.83,79.17,79.17,24.74,3.12,0.74,3.95,2.43,15.71,949.03,1.71,7.81,16.4,0.0,6.52,2.31,-1.82,7.04,0.41,15.73
I O B,532388,IOB,INE565A01014,Banks,Public Sector Bank,35.17,59.35,67725.41,33287.71,20070.11,60.29,64.19,11.79,1.75,0.33,1.2,10.74,14.86,16822.44,6315.78,0.0,0.0,0.0,5.51,0.01,0.04,16.05,0.0,15.86
IDBI Bank,500116,IDBI,INE008A01015,Banks,Private Sector Bank,86.6,55.26,93115.89,29542.24,21382.91,72.38,64.41,9.99,1.36,0.28,2.1,5.47,14.14,48026.52,6223.68,0.0,1935.75,0.0,6.35,0.02,-0.11,13.58,2.42,26.89
IIFL Capital,542773,IIFLCAPS,INE489L01022,Capital Markets,Stockbroking & Allied,339.5,48.69,10641.69,2420.03,848.04,35.04,35.04,18.9,3.43,0.6,6.44,0.59,20.15,2670.38,183.07,62.34,4.81,0.0,13.13,0.17,-0.18,1.88,0.88,17.46
IIFL Finance,532636,IIFL,INE530B01024,Finance,Non Banking Financial Company (NBFC),571.9,60.5,24327.51,13366.4,8348.13,62.46,62.46,14.63,1.79,4.23,2.32,4.97,12.61,6087.57,7.43,98.11,246.68,0.0,9.41,0.41,-4.3,8.49,0.71,15.27
Indiamart Inter.,542726,INDIAMART,INE933S01016,Retailing,Internet & Catalogue Retail,1919.15,46.7,11542.33,1569.04,475.27,30.29,30.29,24.34,4.81,1.3,10.84,0.01,20.7,-1200.79,204.1,5.5,31.98,0.0,5.63,-2.87,0.89,0.04,1.54,28.56
Indian Bank,532814,INDIANB,INE562A01011,Banks,Public Sector Bank,850.75,56.78,114592.94,69314.13,46955.72,67.74,69.32,8.96,1.38,0.32,1.25,10.64,15.45,43543.0,11110.35,0.0,0.0,0.0,5.95,-0.72,0.34,15.37,2.14,15.0
Indian Energy Ex,540750,IEX,INE022Q01020,Capital Markets,Exchange and Data Platform,124.7,56.88,11119.42,608.39,513.82,84.46,84.46,23.47,8.54,1.2,20.9,0.01,39.4,1005.59,136.55,1.22,4.11,0.0,5.64,1.2,-1.53,0.02,2.77,37.65
Indian Renewable,544026,IREDA,INE202E01016,Finance,Financial Institution,121.35,42.72,34089.97,8309.0,7256.91,87.34,87.34,18.16,2.48,0.62,2.16,5.65,15.58,-235.5,28.48,3.15,4.51,0.0,6.5,-0.05,0.34,10.75,0.49,25.73
Indraprastha Gas,532514,IGL,INE203G01027,Gas,LPG/CNG/PNG/LNG Supplier,153.55,44.16,21497.02,16167.59,1843.64,11.4,11.4,13.87,1.85,-14.76,9.46,0.01,14.01,748.14,674.67,920.12,1068.91,60.72,10.63,6.77,-6.92,0.05,2.76,31.31
Indus Towers,534816,INDUSTOWER,INE121J01017,Telecom - Services,Telecom - Infrastructure,405.8,48.36,107056.59,32493.1,17813.2,54.82,54.82,15.0,2.73,0.3,10.63,0.53,19.81,6515.4,477.0,4939.3,2672.4,26.8,8.87,0.73,-0.82,1.89,0.0,15.73
Infosys,500209,INFY,INE009A01021,IT - Software,Computers - Software & Consulting,1073.4,49.86,435540.53,178650.0,42280.0,23.67,23.67,14.39,4.71,1.84,19.94,0.1,31.89,38217.0,3033.0,35234.0,4744.0,0.0,9.65,-0.41,-1.36,0.22,4.46,37.88
International Gemological Instit,544311,IGIL,INE0Q9301021,Commercial Services & Supplies,Diversified Commercial Services,343.1,42.62,14827.4,1018.23,737.8,72.46,73.2,25.47,5.71,0.83,21.29,0.01,23.22,703.22,57.14,258.48,19.12,1.25,5.3,-0.87,0.89,0.05,0.73,22.46
ITC,500875,ITC,INE154A01025,Diversified FMCG,Diversified FMCG,281.0,45.21,352078.05,78868.4,27306.0,34.62,34.62,16.85,4.86,5.67,23.37,0.03,29.32,13270.5,2523.09,3922.86,5639.55,18622.96,8.03,-0.02,-0.6,0.08,5.16,34.19
J & K Bank,532209,J&KBANK,INE168A01041,Banks,Private Sector Bank,187.6,63.68,20658.19,13150.73,9281.55,70.58,70.58,8.72,1.29,0.34,1.32,10.23,15.37,19587.3,950.65,0.0,0.0,0.0,5.65,1.85,1.03,16.49,1.12,7.13
Jindal Stain.,532508,JSL,INE220G01021,Ferrous Metals,Iron & Steel,739.05,58.56,60928.73,42954.66,5560.43,12.94,12.94,18.87,3.07,1.23,8.43,0.38,17.75,3512.86,309.87,3085.62,8265.87,9507.52,7.52,0.2,-0.42,1.53,0.4,16.4
JK Tyre & Indust,530007,JKTYRE,INE573A01042,Auto Components,Tyres & Rubber Products,398.1,49.95,11476.78,16326.65,2031.37,12.44,12.44,13.01,1.92,0.3,5.82,0.81,15.99,1857.06,-87.96,3210.56,2161.73,2662.98,9.99,-0.05,1.67,3.02,0.99,34.94
JM Financial,523405,JMFINANCIL,INE780C01023,Finance,Holding Company,124.1,45.72,11875.94,4222.63,2641.32,62.55,62.55,9.78,1.12,0.36,4.8,1.09,11.94,6106.87,16.67,1430.55,2180.92,127.5,13.97,-0.39,-0.21,4.47,2.59,37.89
L T Foods,532783,LTFOODS,INE818H01020,Agricultural Food & other Products,Other Agricultural Products,379.9,51.05,13192.15,10945.56,1158.67,10.59,10.59,21.09,2.91,1.31,7.59,0.36,14.94,2807.92,83.44,860.23,2030.29,4990.6,6.8,0.54,-0.53,1.61,0.78,25.63
L&T Finance Ltd,533519,LTF,INE498L01015,Finance,Non Banking Financial Company (NBFC),306.25,50.0,76735.79,18897.97,11572.11,61.23,61.23,23.95,2.7,0.09,2.29,3.94,11.22,6776.62,5.21,102.47,1770.01,0.0,6.36,-0.01,0.07,9.7,0.91,9.55
L&T Technology,540115,LTTS,INE010V01017,IT - Services,IT Enabled Services,3304.0,51.6,35045.06,11564.7,2059.0,17.8,17.6,26.08,5.44,4.47,13.46,0.09,21.53,2702.2,139.2,2014.6,936.8,5.8,5.49,-0.59,0.26,0.31,1.76,30.4
Larsen & Toubro,500510,LT,INE018A01030,Construction,Civil Construction,3847.35,37.93,529291.13,285874.36,35410.7,12.39,12.39,32.26,4.86,1.86,4.65,1.15,15.86,-215.2,4985.8,60461.26,69455.63,9530.93,5.78,-0.31,0.35,3.43,0.99,13.35
LIC Housing Fin.,500253,LICHSGFIN,INE115A01026,Finance,Housing Finance Company,548.6,52.71,30176.47,28837.11,26986.04,93.58,93.58,5.36,0.73,0.22,1.75,6.7,14.41,-3565.59,9.7,7.71,94.7,0.0,8.77,0.13,0.08,10.33,1.81,13.17
LTM,540005,LTM,INE214T01019,IT - Software,Computers - Software & Consulting,4044.8,58.6,119977.45,44075.0,7966.4,18.07,17.86,21.33,5.03,3.03,15.85,0.1,23.13,5878.0,429.6,7424.8,2061.0,3.3,6.51,-0.17,-0.32,0.29,1.84,37.09
M & M,500520,M&M,INE101A01026,Automobiles,Passenger Cars & Utility Vehicles,3202.25,54.29,398208.98,198638.55,36979.87,18.62,18.62,23.08,4.32,1.02,6.36,1.47,20.33,10236.19,5117.76,9064.27,37888.67,22044.11,7.03,0.98,-1.26,3.9,1.04,16.61
M & M Fin. Serv.,532720,M&MFIN,INE774D01024,Finance,Non Banking Financial Company (NBFC),350.65,53.2,48739.35,21040.54,13162.66,62.56,62.56,16.57,1.83,1.4,1.96,4.82,12.26,6229.36,-17.12,325.74,1142.08,0.0,7.78,-0.61,0.13,9.96,2.13,14.95
Mahanagar Gas,539957,MGL,INE002S01010,Gas,LPG/CNG/PNG/LNG Supplier,1081.0,41.95,10677.87,8240.21,1451.07,17.61,17.61,12.57,1.66,5.37,9.86,0.03,13.74,-124.05,119.2,458.36,475.62,62.5,10.67,1.52,-0.92,0.19,2.81,30.79
Marksans Pharma,524404,MARKSANS,INE750C01026,Pharmaceuticals & Biotechnology,Pharmaceuticals,261.0,55.14,11827.56,2950.94,600.79,20.36,20.36,28.28,3.91,1.75,11.83,0.11,15.22,2195.65,82.53,644.57,336.91,972.28,5.11,-0.38,0.71,0.59,0.34,7.32
Motil.Oswal.Fin.,532892,MOTILALOFS,INE338I01027,Capital Markets,Stockbroking & Allied,964.75,59.5,58092.07,9381.37,3877.07,41.33,41.33,31.17,4.5,1.2,4.82,1.65,15.53,9693.95,42.08,4058.11,5576.71,0.0,5.73,0.76,-0.17,5.59,0.61,12.06
Mphasis,526299,MPHASIS,INE356A01018,IT - Software,Computers - Software & Consulting,2388.0,60.08,45580.31,15879.65,2978.18,18.75,18.75,24.22,4.19,4.74,11.67,0.24,18.53,936.37,290.42,4192.72,1356.79,0.0,5.85,-0.34,-0.01,0.95,2.56,21.37
MRF,500290,MRF,INE883A01011,Auto Components,Tyres & Rubber Products,133780.0,54.45,56738.03,31148.57,4910.27,15.76,15.76,22.96,2.69,0.44,8.03,0.15,12.51,2753.38,439.63,3541.58,3210.76,5416.82,6.38,-0.25,-0.2,0.88,0.18,18.23
Muthoot Finance,533398,MUTHOOTFIN,INE414G01012,Finance,Non Banking Financial Company (NBFC),3078.5,41.61,123592.04,31209.23,25387.62,81.35,81.35,11.72,3.22,0.27,6.46,3.88,30.92,11322.67,54.18,11.6,144.57,0.0,9.78,0.32,-0.7,6.0,1.01,25.81
Natco Pharma,524816,NATCOPHARM,INE987B01026,Pharmaceuticals & Biotechnology,Pharmaceuticals,960.0,49.26,17194.53,4078.3,1436.5,35.22,35.22,12.16,1.91,0.46,14.4,0.08,16.86,3371.4,297.6,881.2,409.3,908.5,9.43,0.17,-0.38,0.47,0.63,21.75
Natl. Aluminium,532234,NATIONALUM,INE139A01034,Non - Ferrous Metals,Aluminium,342.85,41.38,62968.92,17843.05,7928.03,44.43,44.43,10.92,2.95,0.18,23.46,0.0,29.42,8396.08,665.83,214.68,797.28,1834.9,14.37,0.47,-0.28,0.01,3.02,22.98
NLC India,513683,NLCINDIA,INE589A01014,Power,Power Generation,295.25,38.63,40940.45,17489.53,5588.44,31.95,31.95,11.64,1.92,0.74,6.12,1.3,17.5,-2119.02,1886.84,3337.69,1349.78,2281.28,7.48,-1.03,1.01,5.47,1.21,23.87
NMDC,526371,NMDC,INE584A01023,Minerals & Mining,Industrial Minerals,83.9,41.26,73763.33,32070.89,9259.52,28.87,28.87,9.95,2.16,0.59,16.68,0.19,23.37,17305.35,1487.7,9206.19,406.24,2522.32,14.94,0.04,-0.01,0.62,3.96,13.94
NTPC,532555,NTPC,INE733E01010,Power,Power Generation,348.5,41.59,337928.88,187384.63,52821.53,28.19,28.19,12.52,1.67,0.74,5.09,1.33,13.97,-20000.07,5278.03,36616.27,11787.1,18662.62,6.41,0.31,-0.24,7.04,2.34,15.9
Nuvama Wealth,543988,NUVAMA,INE531F01023,Capital Markets,Stockbroking & Allied,1891.25,56.39,34520.75,4630.69,2441.37,52.72,52.72,33.13,8.35,0.65,3.31,2.8,27.36,7408.3,32.78,997.29,2331.08,0.0,10.09,0.19,2.06,4.89,1.47,5.14
O N G C,500312,ONGC,INE213A01029,Oil,Oil Exploration & Production,249.55,51.47,313940.87,662247.32,103119.76,15.57,15.57,7.56,0.85,10.65,6.49,0.47,11.66,-27063.72,14922.71,22014.47,46933.08,64918.27,17.78,0.01,0.04,2.15,4.91,18.85
Oberoi Realty,533273,OBEROIRLTY,INE093I01010,Realty,"Residential, Commercial Projects",1879.75,59.66,68348.17,6322.4,3560.94,56.32,55.89,25.9,3.83,2.81,10.18,0.16,14.55,11654.23,271.66,324.04,492.03,10183.22,5.35,0.25,-0.31,0.76,0.42,5.35
Oil India,533106,OIL,INE274J01014,Oil,Oil Exploration & Production,445.55,60.55,72473.46,33946.13,10445.51,30.77,30.77,10.92,1.28,-1.25,6.6,0.65,12.29,1552.14,3052.71,4523.01,3357.6,5475.89,10.21,0.71,-0.39,3.47,2.6,16.09
Petronet LNG,532522,PETRONET,INE347G01014,Gas,LPG/CNG/PNG/LNG Supplier,276.45,46.71,41467.5,43494.91,5335.37,12.27,12.27,10.61,1.85,1.91,14.29,0.11,18.56,10370.18,864.07,1039.41,734.98,907.2,16.01,-0.51,0.83,0.44,3.58,15.3
Pfizer,500680,PFIZER,INE182A01018,Pharmaceuticals & Biotechnology,Pharmaceuticals,4598.3,49.17,21036.18,2519.65,904.27,35.89,35.89,27.74,5.02,3.43,15.43,0.02,18.02,3175.74,138.7,181.8,215.94,472.66,5.78,0.91,-1.16,0.07,1.65,21.78
Power Fin.Corpn.,532810,PFC,INE134E01011,Finance,Financial Institution,415.0,46.97,136954.25,115443.61,112262.93,97.24,97.24,5.3,1.03,0.3,2.78,7.62,20.68,8600.89,65.03,326.57,210.57,0.0,9.81,-0.43,1.31,9.02,4.45,14.7
Power Grid Corpn,532898,POWERGRID,INE752E01010,Power,Power - Transmission,286.65,53.37,266601.78,46732.87,35072.34,75.05,75.05,16.82,2.68,19.79,5.68,1.47,16.49,-20184.08,951.56,11672.59,955.81,2126.35,5.64,0.57,-0.69,6.44,3.1,11.79
Punjab Natl.Bank,532461,PNB,INE160A01022,Banks,Public Sector Bank,112.05,64.04,128778.5,131788.93,98411.39,74.67,74.74,5.82,0.83,0.08,0.95,11.79,12.99,212006.96,17629.28,0.0,0.0,0.0,6.11,0.01,-0.46,15.89,2.6,17.09
REC Ltd,532955,RECLTD,INE020B01018,Finance,Financial Institution,361.25,58.13,95125.23,59584.16,57005.59,95.67,95.67,5.85,1.13,0.43,2.6,6.05,19.97,6685.76,25.91,293.21,179.7,0.0,9.37,0.62,-0.03,9.03,4.92,11.63
Rites,541556,RITES,INE320J01015,Construction,Civil Construction,219.7,52.05,10558.91,2415.08,554.11,22.94,22.94,25.77,3.86,-2.92,7.54,0.0,15.42,1794.28,123.46,931.22,320.41,34.6,8.01,0.04,-0.04,0.01,3.51,21.79
S C I,523598,SCI,INE109A01011,Transport Services,Shipping,277.05,38.41,12905.06,5779.79,2185.47,37.81,37.81,9.53,1.45,0.59,10.82,0.29,15.54,2653.31,474.58,1192.39,1211.08,273.67,10.36,-0.4,0.0,1.68,2.34,24.87
Sagility,544282,SAGILITY,INE0W2G01015,IT - Services,IT Enabled Services,41.86,52.0,19596.01,7192.85,1760.27,24.47,24.47,20.55,1.96,0.24,8.07,0.11,10.54,1047.04,65.16,1839.03,221.66,0.0,6.9,-0.86,-0.03,0.81,0.36,27.7
Sarda Energy,504614,SARDAEN,INE385C01021,Ferrous Metals,Iron & Steel,509.0,45.69,17936.17,5690.45,1787.43,31.41,31.41,16.35,2.39,0.73,10.25,0.36,16.09,3435.98,247.33,276.16,171.97,794.18,8.65,0.15,0.01,1.56,0.3,20.46
SBFC Finance,543959,SBFC,INE423Y01016,Finance,Non Banking Financial Company (NBFC),94.0,54.95,10408.71,1678.82,1162.64,69.25,69.25,23.07,2.75,0.52,4.58,1.92,13.05,557.16,0.27,20.29,11.42,0.0,6.78,-1.26,1.01,6.26,0.0,23.58
SBI,500112,SBIN,INE062A01020,Banks,Public Sector Bank,1044.25,61.36,963907.21,514932.59,236151.57,45.86,45.86,11.51,1.63,0.8,1.11,11.44,15.38,512674.71,197710.94,0.0,34227.63,0.0,5.68,0.41,-0.6,15.9,1.65,15.43
SBI Cards,543066,SBICARD,INE018E01016,Finance,Non Banking Financial Company (NBFC),646.5,60.84,61521.94,19899.63,5313.03,26.7,26.7,28.39,3.89,-20.72,3.29,2.8,14.69,-2428.38,807.99,283.1,1714.39,0.0,5.8,0.01,-0.55,7.36,0.39,33.01
South Ind.Bank,532218,SOUTHBANK,INE683A01023,Banks,Private Sector Bank,47.31,54.7,12386.02,10111.87,6745.83,66.71,64.55,8.26,1.06,0.35,1.09,10.97,13.53,10415.2,1767.09,0.0,0.0,0.0,6.23,1.49,1.18,15.2,0.93,5.19
Sun TV Network,532733,SUNTV,INE424H01027,Entertainment,TV Broadcasting & Software Production,495.0,34.29,19507.23,4334.82,2183.01,50.36,50.36,13.07,1.55,-3.52,11.29,0.01,12.3,7370.7,492.67,1433.46,405.62,0.0,10.6,0.39,-0.84,0.05,3.0,25.08
Sundaram Finance,590071,SUNDARMFIN,INE660A01013,Finance,Non Banking Financial Company (NBFC),4475.4,44.66,49723.41,9851.53,7725.57,78.42,78.42,23.56,3.34,1.41,2.62,4.68,15.01,818.63,-54.02,99.46,191.52,0.0,6.39,0.31,-0.39,9.29,0.87,20.68
Tata Capital,544574,TATACAP,INE976I01016,Finance,Non Banking Financial Company (NBFC),349.8,53.53,148485.52,31539.89,23081.66,73.18,73.18,30.43,3.19,1.77,1.83,5.15,12.34,1379.49,3.55,206.17,1848.36,0.0,5.91,-0.03,0.29,10.46,0.16,7.94
Tata Power Co.,500400,TATAPOWER,INE245A01021,Power,Integrated Power Utilities,381.45,47.39,121886.33,62428.59,13271.27,21.26,21.26,31.66,3.12,5.3,3.18,1.93,10.21,-10008.64,3432.6,4423.96,10786.2,5107.64,6.51,0.78,0.04,6.31,0.65,17.95
Tata Steel,500470,TATASTEEL,INE081A01020,Ferrous Metals,Iron & Steel,187.25,38.18,233754.03,232139.94,34352.44,14.8,14.8,20.7,2.3,2.16,3.99,0.9,11.71,-25656.07,737.82,4916.89,34810.14,47249.22,7.6,-0.05,0.79,3.86,2.13,16.56
TCS,532540,TCS,INE467B01029,IT - Software,Computers - Software & Consulting,2220.5,59.36,803396.31,275859.0,74079.0,26.85,27.11,15.03,7.35,2.0,30.95,0.11,51.81,41021.0,-884.0,67714.0,14808.0,29.0,8.97,0.53,-0.71,0.15,2.88,33.72
Tech Mahindra,532755,TECHM,INE669C01036,IT - Software,Computers - Software & Consulting,1577.0,66.55,154555.09,59176.1,9834.2,16.62,15.9,29.18,5.32,25.6,10.68,0.07,17.53,9741.7,-564.3,13357.7,5040.0,104.2,5.04,-0.45,0.65,0.29,3.24,14.94
Techno Elec.Engg,542141,TECHNOE,INE285K01026,Construction,Civil Construction,1020.8,36.89,11871.87,3251.63,461.85,14.2,14.2,26.49,2.94,0.78,8.17,0.02,11.36,3960.44,174.7,1217.07,1189.46,0.0,5.07,-1.11,-0.57,0.12,0.9,35.19
Time Technoplast,532856,TIMETECHNO,INE508G01029,Industrial Products,Plastic Products - Industrial,207.4,74.75,10238.04,6105.2,892.13,14.61,14.61,21.8,2.51,0.75,9.5,0.18,13.43,2711.07,9.2,1452.46,446.36,1328.31,6.73,0.67,-0.78,1.02,0.59,16.76
TVS Holdings,520056,TVSHLTD,INE105A01035,Finance,Investment Company,14236.0,54.74,28802.41,58154.5,9122.39,15.69,15.69,16.86,4.41,0.42,5.81,5.59,30.61,55.52,19.6,2684.78,9965.28,2459.2,13.14,-0.04,-0.04,4.65,0.64,12.65
Union Bank (I),532477,UNIONBANK,INE692A01016,Banks,Public Sector Bank,176.15,58.95,134465.86,107127.36,72946.14,68.09,68.69,6.62,0.98,0.21,1.25,9.74,15.7,65203.3,21964.76,0.0,0.0,0.0,6.54,0.47,-0.74,14.33,2.83,14.28
UTI AMC,543238,UTIAMC,INE094J01016,Capital Markets,Asset Management Company,918.85,42.5,11809.52,1704.52,815.91,47.87,47.87,25.16,2.64,10.4,10.27,0.03,10.33,298.04,-100.24,77.32,25.83,0.0,6.65,-0.45,-0.22,0.18,4.32,38.54
Vedant Fashions,543463,MANYAVAR,INE825V01034,Retailing,Speciality Retail,417.25,57.93,10138.22,1435.48,628.32,43.77,43.77,26.99,5.16,-7.94,13.41,0.23,20.03,1011.43,93.52,651.16,62.44,144.62,5.26,0.58,-0.33,0.83,1.94,48.11
Vedanta,500295,VEDL,INE205A01025,Diversified Metals,Diversified Metals,264.75,36.6,103527.43,78437.0,23183.0,29.56,29.56,5.96,2.09,0.34,11.57,0.66,38.15,-22348.0,14186.0,1305.0,7250.0,5414.0,15.08,-2.6,1.84,1.66,16.42,26.6
Waaree Energies,544277,WAAREEENER,INE377N01017,Electrical Equipment,Other Electrical Equipment,2731.25,38.63,78564.82,26536.77,5908.64,22.27,22.27,20.03,5.47,0.2,16.5,0.22,32.83,4869.3,413.37,2492.32,3107.81,5855.64,7.23,-0.24,1.51,0.57,0.07,29.33
Waaree Renewab.,534618,WAAREERTL,INE299N01021,Electrical Equipment,Other Electrical Equipment,1010.0,56.53,10538.94,3331.16,640.95,19.24,19.24,21.82,11.22,0.22,27.86,0.12,69.12,461.07,24.34,1171.54,771.73,116.76,6.31,-0.05,0.15,0.17,0.1,25.65
Wipro,507685,WIPRO,INE075A01022,IT - Software,Computers - Software & Consulting,174.85,45.52,173169.4,94968.0,18210.8,19.18,19.23,13.08,2.09,2.56,9.85,0.23,15.46,-1455.8,3806.9,13590.1,6289.4,51.7,10.3,-2.64,0.53,1.07,6.28,35.99
Zensar Tech.,504067,ZENSARTECH,INE520A01027,IT - Software,Computers - Software & Consulting,514.3,58.56,11702.08,5687.4,916.1,16.11,16.11,15.38,2.52,0.45,13.54,0.02,17.32,1240.9,209.0,924.2,367.4,0.0,9.2,-1.68,0.22,0.08,2.88,40.81
